title,author
이상한 과자 가게 전천당 11,"히로시마 레이코 (지은이), 쟈쟈 (그림), 김정화 (옮긴이)"
완전한 행복,정유정 (지은이)
부의 시나리오,오건영 (지은이)
흔한남매 8,"흔한남매 (지은이), 백난도 (글), 유난희 (그림), 흔한컴퍼니 (감수)"
소크라테스 익스프레스,"에릭 와이너 (지은이), 김하현 (옮긴이)"
설민석의 한국사 대모험 17,"설민석, 스토리박스 (지은이), 정현희 (그림), 김영미 (감수)"
조국의 시간,조국 (지은이)
나는 왜 내가 힘들까,"마크 R. 리어리 (지은이), 박진영 (옮긴이)"
"2021 큰별쌤 최태성의 별★별한국사 한국사능력검정시험 심화(1, 2, 3급) 상",최태성 (지은이)
미드나잇 라이브러리,"매트 헤이그 (지은이), 노진선 (옮긴이)"
친구의 전설,이지은 (지은이)
"2021 큰별쌤 최태성의 별★별한국사 한국사능력검정시험 심화(1, 2, 3급) 하",최태성 (지은이)
해커스 토익 기출 보카 TOEIC VOCA 단어장,David Cho (지은이)
세금 내는 아이들,"옥효진 (지은이), 김미연 (그림)"
그러라 그래,양희은 (지은이)
ETS 토익 정기시험 기출문제집 1000 Vol. 2 Reading (리딩),ETS (엮은이)
손미나의 나의 첫 외국어 수업,손미나 (지은이)
최애의 아이 3,"아카사카 아카 (지은이), 요코야리 멘고 (그림)"
ETS 토익 정기시험 기출문제집 1000 Vol. 2 Listening (리스닝),ETS (엮은이)
전쟁은 여자의 얼굴을 하지 않았다,"스베틀라나 알렉시예비치 (지은이), 박은정 (옮긴이)"
추미애의 깃발,"추미애, 김민웅 (지은이)"
뉴턴과 화폐위조범,"토머스 레벤슨 (지은이), 박유진 (옮긴이)"
지구인만큼 지구를 사랑할 순 없어,정세랑 (지은이)
십 년 가게 5,"히로시마 레이코 (지은이), 사다케 미호 (그림), 이소담 (옮긴이)"
공정하다는 착각,"마이클 샌델 (지은이), 함규진 (옮긴이)"
요츠바랑! 15,아즈마 키요히코 (지은이)
여름은 오래 그곳에 남아,"마쓰이에 마사시 (지은이), 김춘미 (옮긴이)"
데미안,"헤르만 헤세 (지은이), 전영애 (옮긴이)"
밤의 여행자들,윤고은 (지은이)
매매의 기술,박병창 (지은이)
고양이 해결사 깜냥 3,"홍민정 (지은이), 김재희 (그림)"
이방인,"알베르 카뮈 (지은이), 김화영 (옮긴이)"
청사과 낙원 시즌 2 : 1~3 세트 - 전3권 (낱권 일러스트 엽서 3종 + 종이 인형 1종 + 렌티큘러 엽서 1종 + 별책 부록 + 박스 세트 포함),청낙원 (지은이)
긴긴밤,루리 (지은이)
해커스 토익 RC 리딩 READING,David Cho (지은이)
해커스 토익 LC 리스닝 LISTENING,David Cho (지은이)
설민석의 세계사 대모험 9,"설민석, 김정욱 (지은이), 박성일 (그림), 김영수 (감수)"
달러구트 꿈 백화점 (50만 부 기념 드림 에디션),이미예 (지은이)
어린이라는 세계,김소영 (지은이)
타인의 집,손원평 (지은이)
어둠 속에서 헤엄치기,"토마시 예드로프스키 (지은이), 백지민 (옮긴이)"
강원국의 어른답게 말합니다,강원국 (지은이)
오늘의 단어,임진아 (지은이)
메타버스 새로운 기회,"김상균, 신병호 (지은이)"
우리말 어감 사전,안상순 (지은이)
팥빙수의 전설,이지은 (지은이)
부지런한 사랑 (리커버),이슬아 (지은이)
주린이가 가장 알고 싶은 최다질문 TOP 77,염승환 (지은이)
2021 큰별쌤 최태성의 별★별한국사 기출 500제 한국사능력검정시험 심화(1.2.3급),최태성 (지은이)
20일 만에 끝내는 해커스 토익 750+ RC (리딩),David Cho (지은이)
